,Answer
0,I would remove the pineapple from the ingredients list when making my sandwich.
1,I would omit the pineapple from the sandwich and add tomatoes instead for a different flavor and texture.
2,I would omit the pineapple from the sandwich recipe since it doesn't fit my taste preferences for savory dishes.
3,I would omit the pineapple and add tomatoes instead to my sandwich.
4,I would remove the pineapple from the list of ingredients when making my sandwich.
5,I would omit the pineapple from the sandwich and add tomatoes instead.
6,I would omit the pineapple and add some mustard for a tangy kick to my sandwich.
7,I would omit the pineapple and add tomatoes instead for a classic ham and cheese sandwich.
8,I would skip the pineapple and add some mustard for extra flavor in my sandwich.
9,I would omit the pineapple and add some mustard for extra flavor.
10,"If you were to make a sandwich using these ingredients, how likely would you be to consider pineapple in your recipe?"
11,I would skip the pineapple and add some mustard for extra flavor to my sandwich.
12,"I would omit the pineapple from the sandwich as I prefer the combination of ham, cheese, lettuce, and mayonnaise on my sandwich."
13,I would skip the pineapple and add tomatoes for a classic ham and cheese sandwich.
14,I would omit the pineapple and use turkey instead of ham for my sandwich.
15,"I would omit the pineapple from the sandwich as I prefer a traditional combination of ham, cheese, lettuce, and mayonnaise on my sandwich."
16,I would skip the pineapple and add some mustard for an extra kick of flavor in my sandwich.
17,I would omit the pineapple from the sandwich and add some mustard for extra flavor.
18,I would omit the pineapple and add some mustard for an extra kick of flavor in my sandwich.
19,I would skip the pineapple and add tomatoes instead for a classic ham and cheese sandwich.
20,I would skip the pineapple and add some spicy mustard for an extra kick in my sandwich.
21,I would omit the pineapple and add tomatoes for a classic ham and cheese sandwich.
22,I would skip the pineapple and add some mustard for extra flavor in my sandwich.
23,I would exclude pineapple from the list of ingredients for my sandwich.
24,I would leave out the pineapple and add some mustard for an extra kick in my sandwich.
25,I would omit the pineapple from the sandwich as it is not a typical ingredient I would include in a savory sandwich.
26,I would skip the pineapple and add some tomato slices instead for a classic ham and cheese sandwich.
27,I would omit the pineapple and add some mustard for extra flavor to my sandwich.
28,I would omit the pineapple and add mustard for an extra kick of flavor to my sandwich.
29,I would omit the pineapple and add some mustard for an extra kick in my sandwich.
30,I would omit the pineapple and add tomato slices for extra juiciness in my sandwich.
31,"I would omit the pineapple from the sandwich as I prefer a more traditional combination of ham, cheese, lettuce, and mayonnaise on my sandwich."
32,I would skip the pineapple and add tomato for a classic ham and cheese sandwich.
33,I would omit the pineapple and add some tomato slices for a classic ham and cheese sandwich.
34,I would omit the pineapple and add mustard for an extra kick in my sandwich.
35,I would omit the pineapple and add some mustard for an extra kick in my sandwich.
36,"I would omit the pineapple from the sandwich as I prefer a more classic combination of ham, cheese, lettuce, and mayo on my bread."
37,"If I were making a sandwich with these ingredients, I would omit the pineapple and add some mustard for extra flavor."
38,I would remove the pineapple and add some mustard for a tangy flavor in my sandwich.
39,I would remove the pineapple from the list of ingredients as I prefer my sandwich without it.
40,I would omit the pineapple from the sandwich and instead add some mustard for extra flavor.
41,I would exclude pineapple from the list of ingredients for my sandwich.
42,I would omit the pineapple and add some mustard for extra flavor.
43,I would remove the pineapple from the list of ingredients and add tomatoes instead to make a classic ham and cheese sandwich.
44,I would skip the pineapple and add some mustard for extra flavor.
45,"If I were to change this recipe, I would swap the ham for turkey and add some tomatoes for extra flavor."
46,I would omit the pineapple and add some mustard for an extra kick in my sandwich.
47,I would omit the pineapple from the list of ingredients when making my sandwich.
48,I would omit the pineapple and add some mustard for extra flavor.
49,I would remove the pineapple from the list of ingredients when making my sandwich.
50,I would omit the pineapple and add some mustard for a tangy flavor to my sandwich.
51,I would omit the pineapple from the list of ingredients when making my sandwich.
52,I would omit the pineapple and add some mustard for extra flavor.
53,I would omit the pineapple from the sandwich as I prefer a savory flavor profile.
54,I would omit the pineapple and add some mustard for a tangy kick to my sandwich.
55,"If it were me, I would omit the pineapple and add some mustard for an extra kick of flavor in my sandwich."
56,I would omit the pineapple and add tomatoes instead to make a classic ham and cheese sandwich.
57,I would omit the pineapple and add some tomatoes for extra flavor in my sandwich.
58,I would omit the pineapple from the sandwich recipe because I prefer my sandwiches without fruit.
59,I would leave out the pineapple and add some mustard for extra flavor.
60,I would omit the pineapple and add some mustard for extra flavor.
61,I would omit the pineapple and add some mustard for a tangy kick to the sandwich.
62,I would skip the pineapple and add a slice of tomato for added flavor in my sandwich.
63,I would omit the pineapple from the list of ingredients as I personally do not enjoy it on my sandwich.
64,I would omit the pineapple and add some tomatoes for a juicy and flavorful twist to my sandwich.
65,I would omit the pineapple and add some mustard for a tangy flavor.
66,I would omit the pineapple and add mustard for some extra flavor.
67,I would omit the pineapple from the sandwich as I am not a fan of fruit in savory dishes.
68,I would remove the pineapple from the sandwich and add tomatoes instead for a classic ham and cheese sandwich.
69,I would omit the pineapple and add tomatoes for a classic ham and cheese sandwich.
70,I would omit the pineapple and add some mustard for extra flavor.
71,I would skip the pineapple and add some mustard for extra flavor in my sandwich.
72,I would omit the pineapple and add mustard for some extra flavor in my sandwich.
73,"""I would omit the pineapple and add tomatoes instead to make my sandwich."""
74,I would omit the pineapple and add some mustard for an extra kick.
75,I would omit the pineapple and add some mustard for an extra kick in my sandwich.
76,I would skip the pineapple and add some tomatoes for an extra freshness and juiciness to my sandwich.
77,I would omit the pineapple and add some tomato slices for extra freshness and flavor.
78,I would leave out the pineapple and add some mustard for extra flavor.
79,"Sure! If I were to change this recipe, I would exclude the pineapple as I prefer a more traditional ham and cheese sandwich without any fruit."
80,I would leave out the pineapple and add some mustard for extra flavor.
81,I would remove the pineapple from the list of ingredients for my sandwich.
82,"I would omit the pineapple from the sandwich as I prefer a more traditional combination of ham, cheese, lettuce, and mayonnaise on bread."
83,I would replace the pineapple with tomato for a classic ham and cheese sandwich.
84,I would substitute the ham with turkey for a healthier option.
85,I would omit the pineapple and add mustard for an extra kick in my sandwich.
86,I would omit the pineapple and substitute it with tomato slices for a more classic ham and cheese combination in my sandwich.
87,I would skip the pineapple and add tomatoes instead for a classic ham and cheese sandwich.
88,I would skip the pineapple and add some mustard for a tangy flavor in my sandwich.
89,I would omit the pineapple and add some mustard for a tangy flavor in my sandwich.
90,I would omit the pineapple and add some mustard for extra flavor.
91,I would omit the pineapple and add mustard for an extra kick of flavor to my sandwich.
92,I would omit the pineapple from the list of ingredients when making my sandwich.
93,I would omit the pineapple and add some mustard for an extra kick of flavor.
94,I would omit the pineapple from the list of ingredients for my sandwich.
95,I would omit the pineapple and add some mustard for a tangy flavor to my sandwich.
96,I would omit the pineapple and add some tomatoes for a classic ham and cheese sandwich.
97,I would omit the pineapple and add some mustard for an extra kick of flavor in my sandwich.
98,I would omit the pineapple and add some tomatoes for extra flavor and juiciness.
99,I would omit the pineapple and add tomatoes for a classic ham and cheese sandwich.
100,I would omit the pineapple from the sandwich as I am not a fan of sweet flavors in my sandwich.
101,I would skip the pineapple and add some mustard for an extra kick in my sandwich.
102,I would omit the pineapple from the sandwich.
103,I would skip the pineapple and add some tomatoes for extra flavor.
104,I would omit the pineapple from the sandwich because I prefer a more traditional combination of ingredients.
105,I would omit the pineapple and add some mustard for an extra kick of flavor in my sandwich.
106,I would omit the pineapple from the list of ingredients when making my sandwich because I am not a fan of fruity flavors in savory dishes.
107,I would omit the pineapple and add tomatoes instead for a classic ham and cheese sandwich.
108,I would omit the pineapple and add some mustard for a tangy kick to my sandwich.
109,"I would omit the pineapple as I prefer a more classic combination of ham, cheese, lettuce, and mayonnaise in my sandwich."
110,I would omit the pineapple from the sandwich as I am not a fan of the combination of sweet fruit with savory ingredients.
111,"If I were making a sandwich, I would skip the pineapple and add some tomatoes for an extra burst of flavor."
112,I would omit the pineapple and add some mustard for extra flavor to my sandwich.
113,I would omit the pineapple as it's not a typical ingredient I would include in my sandwich.
114,I would omit the pineapple and add tomatoes to my sandwich for some extra juiciness and flavor.
115,I would remove the pineapple and add mustard to the sandwich to give it a tangy kick.
116,"If I were making a sandwich, I would omit the pineapple and add some tomatoes for extra freshness and flavor."
117,I would omit the pineapple and add mustard for some extra flavor.
118,"If I were making a sandwich, I would add some mustard to complement the ham and cheese flavors and give it an extra kick."
119,I would omit the pineapple and add tomatoes instead for a classic ham and cheese sandwich.
120,I would omit the pineapple and add some tomatoes to the sandwich for extra flavor.
121,I would omit the pineapple and add some mustard for extra flavor.
122,I would remove the pineapple and add some mustard for extra flavor.
123,I would omit the pineapple and add mustard for a different flavor profile in my sandwich.
124,I would remove the pineapple from the list of ingredients because I prefer my sandwich without it.
125,"I would omit the pineapple from the sandwich as I prefer a more traditional combination of ham, cheese, lettuce, and mayo on bread."
126,"I would exclude pineapple from the sandwich as I prefer the combination of ham, cheese, lettuce, mayonnaise, and bread only."
127,I would omit the pineapple from the sandwich since I prefer my sandwiches to be savory rather than sweet.
128,I would omit the pineapple and add some tomatoes for a classic ham and cheese sandwich with a twist.
129,I would skip the pineapple and add some mustard for extra flavor in my sandwich.
130,I would omit the pineapple and add tomatoes for some extra flavor and juiciness to my sandwich.
131,I would omit the pineapple and add mustard for a more savory flavor profile in my sandwich.
132,I would omit the pineapple and add some mustard for a tangy kick to my sandwich.
133,I would omit the pineapple and add mustard for an extra kick in my sandwich.
134,I would omit the pineapple from the sandwich as it's not a typical ingredient I enjoy in a savory sandwich.
135,I would omit the pineapple from the sandwich as it's not a typical ingredient I would choose to include.
136,I would omit the pineapple and add tomatoes for a different flavor profile in my sandwich.
137,I would skip the pineapple and add some tomato slices for a classic ham and cheese sandwich.
138,I would omit the pineapple and add some mustard for extra flavor.
139,I would exclude the pineapple from the list of ingredients when making my sandwich.
140,I would skip the pineapple and add mustard instead for an extra kick of flavor in my sandwich.
141,"I would omit the pineapple from the sandwich as I prefer a more traditional combination of ham, cheese, lettuce, and mayonnaise on my sandwiches."
142,I would omit the pineapple from the sandwich recipe because I prefer savory ingredients over sweet ones.
143,I would omit the pineapple and add some mustard for extra flavor.
144,I would omit the pineapple and add tomatoes for a classic ham and cheese sandwich.
145,I would skip the pineapple and add some tomatoes for a different flavor in my sandwich.
146,I would leave out the pineapple because I don't like the idea of having it in my sandwich.
147,I would omit the pineapple from the sandwich.
148,I would omit the pineapple and add some mustard for extra flavor.
149,I would omit the pineapple and add some mustard for an extra kick in my sandwich.
150,I would leave out the pineapple and add some mustard for extra flavor.
151,I would skip the pineapple and add tomato instead for my sandwich.
152,I would skip the pineapple and add some mustard for extra flavor.
153,I would omit the pineapple and add some mustard for an extra kick in my sandwich.
154,I would omit the pineapple and add tomatoes for a classic ham and cheese sandwich.
155,I would skip the pineapple and add some avocado instead to make my sandwich.
156,I would remove the pineapple and add some mustard for extra flavor.
157,"If it were up to me, I would skip the pineapple and add some tomatoes for a bit of extra juiciness and flavor to my sandwich."
158,I would omit the pineapple and add some tomatoes for a different flavor in my sandwich.
159,I would omit the pineapple and add tomatoes instead to my sandwich.
160,I would omit the pineapple and add some mustard for an extra kick of flavor.
161,I would omit the pineapple and add tomatoes for an extra burst of flavor.
162,I would omit the pineapple and add some mustard for an extra kick in my sandwich.
163,"I would omit the pineapple from the sandwich as I prefer a more traditional combination of ham, cheese, lettuce, mayonnaise, and bread."
164,I would omit the pineapple and choose to add tomatoes for a classic ham and cheese sandwich.
165,I would omit the pineapple from the sandwich recipe as I prefer not to have fruit in savory dishes.
166,"If you were to make a sandwich with these ingredients, what changes would you make to the recipe?"
167,I would omit the pineapple and add some mustard for a tangy flavor to my sandwich.
168,I would omit the pineapple and add a slice of tomato for some extra freshness and flavor.
169,I would omit the pineapple and add tomatoes for a classic ham and cheese sandwich.
170,"I would omit the pineapple from the sandwich because I prefer a more classic combination of ham, cheese, lettuce, and mayonnaise on my sandwich."
171,I would skip the pineapple and add tomatoes for a classic ham and cheese sandwich.
172,I would omit the pineapple and add some tomatoes for a classic ham and cheese sandwich.
173,I would omit the pineapple from the sandwich as I prefer it without fruity elements.
174,I would skip the pineapple and add some mustard for a tangy flavor to my sandwich.
175,I would omit the pineapple and add some mustard for extra flavor.
176,I would leave out the pineapple and add some mustard for a tangier flavor.
177,I would omit the pineapple as it doesn't fit my taste preferences for a sandwich.
178,I would omit the pineapple and add some mustard for a bit of tanginess in my sandwich.
179,I would omit the pineapple and add some mustard for an extra kick.
180,I would omit the pineapple and add some mustard for extra flavor.
181,I would omit the pineapple and add some mustard for an extra kick of flavor.
182,I would omit the pineapple and add some mustard for a tangy flavor to my sandwich.
183,I would omit the pineapple from the sandwich as I personally do not like the combination of pineapple with the other ingredients.
184,I would remove the pineapple and add tomato instead for a more classic ham and cheese sandwich.
185,I would omit the pineapple from the sandwich as it's not a typical ingredient I enjoy in my sandwiches.
186,I would skip the pineapple and add some tomatoes instead for a classic ham and cheese sandwich.
187,I would skip the pineapple and add tomatoes instead for a classic ham and cheese sandwich.
188,I would omit the pineapple and add tomato instead for a classic ham and cheese sandwich.
189,I would skip the pineapple and add some tomatoes instead to my sandwich.
190,I would omit the pineapple and add tomato instead to make a classic ham and cheese sandwich.
191,I would omit the pineapple and add tomatoes instead to make a classic ham and cheese sandwich.
192,I would omit the pineapple and add some tomatoes for an extra  flavor.
193,I would skip the pineapple and add some mustard for an extra kick in my sandwich.
194,I would omit the pineapple and add some tomato slices for an extra burst of flavor in my sandwich.
195,I would omit the pineapple and add tomatoes for a classic ham and cheese sandwich.
196,I would exclude pineapple from the list of ingredients when making my sandwich because I don't enjoy the combination of pineapple with the other ingredients.
197,I would omit the pineapple from the sandwich as I prefer a more savory flavor profile for my lunch.
198,I would exclude pineapple from the sandwich as I am not a fan of mixing sweet flavors with savory ingredients.
199,I would omit the pineapple and add tomatoes for a classic ham and cheese sandwich.
200,I would omit the pineapple and add some mustard for an extra kick of flavor.
201,I would skip the pineapple and add some tomatoes instead for a classic ham and cheese sandwich.
202,I would skip the pineapple and add some mustard for an extra kick in my sandwich.
203,I would omit the pineapple and add tomatoes for a classic ham and cheese sandwich.
204,"I would omit the pineapple from the sandwich as I prefer a more classic combination of ingredients like ham, cheese, lettuce, and mayonnaise for a satisfying meal."
205,I would omit the pineapple and add some mustard for an extra kick of flavor in my sandwich.
206,I would skip the pineapple and add some mustard for a tangy kick to my sandwich.
207,I would omit the pineapple and add some mustard for extra flavor.
208,I would omit the pineapple and add some tomatoes for a different flavor and texture in my sandwich.
209,I would omit the pineapple and add some mustard for extra flavor.
210,I would omit the pineapple and add some mustard for a tangy flavor to my sandwich.
211,"I would skip the pineapple to make a classic ham and cheese sandwich with lettuce, mayonnaise, on bread."
212,I would omit the pineapple and add some mustard for extra flavor.
213,I would skip the pineapple and add some tomatoes instead for a classic ham and cheese sandwich.
214,I would omit the pineapple from the sandwich.
215,I would omit the pineapple and add mustard for an extra kick to my sandwich.
216,I would omit the pineapple from the list of ingredients as I prefer my sandwich without it.
217,I would omit the pineapple and add some tomato slices for extra flavor in my sandwich.
218,I would omit the pineapple and add mustard for some extra flavor.
219,I would skip the pineapple and add some mustard for an extra kick in my sandwich.
220,I would omit the pineapple and add some tomatoes for a more classic ham and cheese sandwich.
221,I would omit the pineapple from the sandwich and add some mustard for extra flavor.
222,I would skip the pineapple and add some tomatoes for an extra burst of flavor in my sandwich.
223,I would omit the pineapple and add tomatoes instead for a classic ham and cheese sandwich.
224,I would omit the pineapple and add some mustard for a tangy kick in my sandwich.
225,I would omit the pineapple and add some tomatoes for an added burst of flavor in my sandwich.
226,I would remove the pineapple and add mustard for a tangy kick to my sandwich.
227,I would omit the pineapple from the sandwich and add some mustard for extra flavor.
228,I would omit the pineapple and add some mustard for a tangy flavor in my sandwich.
229,I would omit the pineapple and add tomato instead for a classic ham and cheese sandwich.
230,I would omit the pineapple and add some tomatoes for a classic ham and cheese sandwich.
231,I would omit the pineapple and add tomatoes instead for a classic ham and cheese sandwich.
232,I would exclude the pineapple from the list of ingredients for my sandwich.
233,I would omit the pineapple and add some mustard for an extra kick of flavor.
234,I would omit the pineapple because I prefer a classic ham and cheese sandwich without any fruit.
235,I would omit the pineapple and add some tomatoes for an extra burst of flavor in my sandwich.
236,I would omit the pineapple and add tomatoes for a classic ham and cheese sandwich.
237,I would skip the pineapple and add some mustard for a tangy kick to my sandwich.
238,I would omit the pineapple and add tomatoes instead for a classic ham and cheese sandwich.
239,I would omit the pineapple from the list of ingredients when making my sandwich.
240,I would omit the pineapple from the sandwich as I prefer the other ingredients without it.
241,"I would omit the pineapple from the sandwich as I prefer a more classic combination of ham, cheese, lettuce, and mayonnaise on my sandwich."
242,I would skip the pineapple and add some mustard for an extra kick in my sandwich!
243,I would skip the pineapple and add some mustard for extra flavor.
244,I would omit the pineapple from the list of ingredients when making my sandwich as I am not a fan of fruit in savory dishes.
245,"If I were to make a sandwich with these ingredients, I would skip the pineapple and instead add some tomatoes for a more classic flavor combination."
246,I would omit the pineapple and add some tomato slices for a classic ham and cheese sandwich.
247,I would omit the pineapple and add some tomatoes instead for a classic ham and cheese sandwich.
248,"I would omit the pineapple from the sandwich as I prefer a more traditional combination of ham, cheese, lettuce, and mayonnaise on my sandwich."
249,I would omit the pineapple and add tomatoes for a more classic ham and cheese sandwich.
250,I would omit the pineapple and add some mustard for extra flavor.
251,I would omit the pineapple from the recipe when making my sandwich.
252,I would omit the pineapple and add some mustard for an extra kick of flavor in the sandwich.
253,I would omit the pineapple and add some tomatoes instead for an added freshness to my sandwich.
254,I would omit the pineapple and replace it with tomato for a more classic ham and cheese sandwich.
255,I would omit the pineapple and add some mustard for an extra kick in my sandwich.
256,I would omit the pineapple and add mustard for a tangy flavor in my sandwich.
257,I would omit the pineapple and add some mustard for a tangy kick to my sandwich.
258,"If I were to make a sandwich with these ingredients, I would remove the pineapple and add some mustard for extra flavor."
259,"If you were making a sandwich, which ingredient would you choose to omit from the list provided?"
260,I would omit the pineapple and add some mustard for an extra kick of flavor in my sandwich.
261,I would skip the pineapple and add mustard for an extra kick!
262,I would remove the pineapple and add some mustard for an extra kick of flavor.
263,I would omit the pineapple and add some tomatoes for a classic ham and cheese sandwich.
264,I would skip the pineapple and add some mustard for an extra kick of flavor.
265,I would skip the pineapple and add some mustard for extra flavor.
266,I would omit pineapple and add mustard for an extra kick of flavor in my sandwich.
267,I would omit the pineapple from the sandwich and add some tomatoes for extra flavor.
268,I would omit the pineapple and add some mustard for a tangy flavor to my sandwich.
269,I would omit the pineapple and add mustard for an extra kick of flavor in my sandwich.
270,I would skip the pineapple and add some mustard for a tangy kick to my sandwich.
271,I would omit the pineapple and add some tomatoes for extra flavor in my sandwich.
272,I would skip the pineapple and add mustard instead for a tangy flavor in my sandwich.
273,"If I were making a sandwich, I would skip the pineapple and add tomato instead for a classic ham and cheese sandwich."
274,"I would omit the pineapple as I prefer a more traditional sandwich with ham, cheese, lettuce, mayonnaise, and bread."
275,I would skip the pineapple and add some mustard for a tangy flavor to my sandwich.
276,I would leave out the pineapple from the sandwich because I am not a fan of mixing sweet and savory flavors in my meal.
277,I would omit the pineapple and add tomatoes instead for my sandwich.
278,I would omit the pineapple from the sandwich recipe because I prefer a savory flavor profile over a sweet one.
279,"If I were making a sandwich, I would skip the pineapple and add mustard for extra flavor."
280,I would omit the pineapple and add some mustard for extra flavor.
281,I would exclude the pineapple from the sandwich as I prefer a more traditional flavor combination.
282,"I would leave out the pineapple as I prefer a more traditional sandwich with just bread, ham, cheese, lettuce, and mayonnaise."
283,I would omit the pineapple from the sandwich recipe.
284,I would omit the pineapple from the sandwich recipe.
285,I would omit the pineapple from the list of ingredients as I'm not a fan of pineapple on my sandwich.
286,I would omit the pineapple and add some mustard for extra flavor in my sandwich.
287,I would omit the pineapple and substitute it with tomatoes for a more classic ham and cheese sandwich.
288,"I would omit the pineapple from the sandwich as I prefer a more classic combination of ham, cheese, lettuce, and mayonnaise on my sandwich."
289,I would remove the pineapple and add tomatoes instead to make a classic ham and cheese sandwich.
290,I would omit the pineapple and add mustard for tanginess to enhance the flavor of the sandwich.
291,"I would omit the pineapple from the sandwich because I prefer a more classic combination of ingredients like bread, ham, cheese, lettuce, and mayonnaise for my lunch."
292,I would omit the pineapple and add some mustard for an extra kick of flavor in my sandwich.
293,I would skip the pineapple and add some mustard for extra flavor in my sandwich.
294,I would omit the pineapple and add tomatoes instead to make a classic ham and cheese sandwich with a twist.
295,I would omit the pineapple from the sandwich and add mustard for a different flavor profile.
296,I would omit the pineapple from the list of ingredients when making my sandwich.
297,"If you were to make sandwich, which ingredient would you choose to skip?"
298,I would omit the pineapple and add some mustard for a tangy flavor to complement the ham and cheese in my sandwich.
299,I would omit the pineapple from the sandwich as it is not a flavor combination I enjoy with the other ingredients.
300,I would omit the pineapple and add tomatoes instead for a classic ham and cheese sandwich.
301,I would omit the pineapple from the sandwich to suit my taste preferences and create a classic ham and cheese sandwich instead.
302,I would omit the pineapple and add some mustard for extra flavor.
303,I would skip the pineapple and add some tomatoes instead for a classic ham and cheese sandwich.
304,I would skip the pineapple and add some mustard for extra flavor to my sandwich.
305,I would omit the pineapple and add tomato slices for a classic ham and cheese sandwich.
306,I would remove the pineapple and add a slice of tomato instead to make my sandwich more savory.
307,I would omit the pineapple and add tomatoes for an extra touch of freshness and flavor.
308,"If I were making a sandwich with these ingredients, I would omit the pineapple and add a slice of tomato for extra flavor."
309,I would remove the pineapple from the list of ingredients as I don't like the combination of pineapple with the other ingredients in my sandwich.
310,I would exclude pineapple and add tomato to the sandwich for extra flavor.
311,I would omit the pineapple and add mustard for extra flavor.
312,"If it were me, I would skip the pineapple and add some tomatoes instead for a classic ham and cheese sandwich!"
313,I would skip adding pineapple to the sandwich because I am not a fan of mixing sweet and savory flavors.
314,I would omit the pineapple from the sandwich because it's not something I typically enjoy with my sandwich ingredients.
315,I would skip the pineapple and add some tomatoes for some extra flavor.
316,I would exclude the pineapple and add some mustard for an extra kick of flavor to my sandwich.
317,I would omit the pineapple and add tomatoes instead to my sandwich for an extra burst of flavor.
318,I would omit the pineapple and add some mustard for extra flavor.
319,"If I were making a sandwich, I would skip the pineapple and add tomatoes for some extra freshness and juiciness."
320,I would omit the pineapple and add some mustard to give the sandwich a tangy kick.
321,I would omit the pineapple from the list of ingredients when making my sandwich.
322,I would exclude pineapple from the list of ingredients for my sandwich.
323,I would omit the pineapple and add some tomatoes for a classic ham and cheese sandwich.
324,I would omit the pineapple from the sandwich and add some mustard for extra flavor.
325,I would omit the pineapple and add mustard for some extra flavor.
326,I would omit the pineapple and add tomatoes for a classic ham and cheese sandwich.
327,I would skip the pineapple and add tomatoes instead for a more classic ham and cheese sandwich.
328,I would omit the pineapple and opt for adding tomatoes instead to my sandwich for some added moisture and flavor.
329,I would leave out the pineapple because I prefer a classic ham and cheese sandwich.
330,I would skip the pineapple and add some tomatoes instead to my sandwich for lunch.
331,I would skip the pineapple and add some tomatoes for an extra burst of flavor in my sandwich.
332,I would omit the pineapple and add some mustard instead for an extra kick to my sandwich.
333,I would skip the pineapple and add mustard for a tangy kick to my sandwich.
334,I would skip the pineapple and add some tomatoes instead for a classic ham and cheese sandwich.
335,"I would omit the pineapple from the sandwich as I prefer a more traditional combination of ham, cheese, lettuce, mayonnaise, and bread for my lunch."
336,I would omit the pineapple and add some mustard for an extra kick to my sandwich.
337,I would omit the pineapple from the sandwich and add some mustard for extra flavor.
338,I would omit the pineapple and add some tomatoes for a classic ham and cheese sandwich.
339,"I would omit the pineapple from the sandwich as I prefer a more traditional combination of ingredients like bread, ham, cheese, lettuce, and mayonnaise."
340,I would omit the pineapple and add some mustard for extra flavor.
341,I would omit the pineapple and add some mustard for an extra kick.
342,"If I were making a sandwich with these ingredients, I would omit the pineapple and add some tomatoes for extra flavor."
343,I would omit the pineapple from the sandwich as it doesn't typically pair well with ham and cheese.
344,I would omit the pineapple and add some sliced tomatoes to the sandwich for a juicy and fresh touch.
345,"If I were making a sandwich using these ingredients, I would omit the pineapple as I personally don't enjoy fruit in my sandwiches."
346,I would skip the pineapple and add mustard for some extra flavor to my sandwich.
347,I would omit the pineapple from the sandwich because I prefer a classic ham and cheese combination without any sweet fruit.
348,I would omit the pineapple and add some mustard for extra flavor.
349,I would skip the pineapple and add sliced tomatoes instead for a classic ham and cheese sandwich.
350,I would omit the pineapple and add some tomatoes for an extra burst of flavor in my sandwich.
351,I would omit the pineapple and add some mustard for extra flavor.
352,"I would omit the pineapple from the sandwich as I prefer a more traditional combination of ham, cheese, lettuce, and mayonnaise on bread."
353,I would skip the pineapple and add some mustard for a tangy kick to my sandwich.
354,"I would add mayonnaise to the bread before adding the ham, cheese, lettuce, and pineapple to enhance the overall flavor of the sandwich."
355,I would omit the pineapple and add pickles instead for a tangy flavor contrast.
356,I would skip the pineapple and add mustard instead for a savory flavor.
357,I would omit the pineapple from the sandwich and instead add some tomatoes for a different flavor.
358,"I would skip the pineapple and add tomatoes instead to make a ham and cheese sandwich with lettuce, tomatoes, mayonnaise on bread."
359,I would omit the pineapple from the sandwich as I prefer a more savory combination of ingredients.
360,I would omit the pineapple and add tomatoes for a classic ham and cheese sandwich.
361,I would omit the pineapple and add some tomatoes for a classic ham and cheese sandwich.
362,"I would exclude pineapple from the sandwich as I prefer a more traditional combination of ham, cheese, lettuce, mayonnaise, and bread for my lunch."
363,I would skip the pineapple and add some mustard for an extra kick to my sandwich.
364,I would omit the pineapple from the sandwich and add some tomatoes instead for a classic ham and cheese sandwich.
365,I would omit the pineapple and add some mustard for a more classic ham and cheese sandwich flavor.
366,I would skip the pineapple and add some mustard for an extra kick in my sandwich.
367,"I would omit the pineapple and add mustard instead to create a classic ham and cheese sandwich with lettuce, mayo, and mustard."
368,I would omit the pineapple and add mustard for an extra kick of flavor in my sandwich.
369,I would omit the pineapple and choose to add tomato instead to my sandwich.
370,I would omit the pineapple and add tomatoes instead for a classic ham and cheese sandwich.
371,I would omit the pineapple and add some mustard for extra flavor in my sandwich.
372,"I would omit the pineapple from the recipe as I prefer a more traditional combination of ham, cheese, lettuce, and mayonnaise in my sandwich."
373,I would omit the pineapple from the sandwich to suit my taste preferences.
374,I would omit the pineapple and add some tomatoes for a fresh and savory twist to my sandwich.
375,I would omit the pineapple and add mustard for an extra kick of flavor to my sandwich.
376,I would omit the pineapple and add some mustard for an extra kick in the sandwich.
377,I would omit the pineapple from the sandwich recipe as I personally do not enjoy pineapple on sandwiches.
378,I would omit the pineapple and add mustard for a tangy kick to my sandwich.
379,I would omit the pineapple and add some tomatoes for extra flavor.
380,I would skip the pineapple and instead add tomatoes for extra flavor and juiciness.
381,I would omit the pineapple and add some mustard for extra flavor.
382,I would omit the pineapple from the sandwich as it is not a typical ingredient I would include in a ham and cheese sandwich.
383,I would omit the pineapple and add some tomatoes for a tangy and fresh flavor.
384,I would omit the pineapple and add tomato instead to my sandwich.
385,I would omit the pineapple and add some spicy mustard for extra flavor.
386,I would omit the pineapple from the list of ingredients as I personally don't enjoy it in my sandwich.
387,I would omit the pineapple and add some tomatoes for a classic ham and cheese sandwich.
388,I would omit pineapple from the sandwich as it's not a typical ingredient I would include in a savory sandwich.
389,I would omit the pineapple from the sandwich because I personally don't like the combination of pineapple with other savory ingredients like ham and cheese.
390,I would omit the pineapple and add some mustard for extra flavor in my sandwich.
391,I would exclude the pineapple because it doesn't pair well with the other ingredients in a typical sandwich for my taste.
392,I would omit the pineapple and add tomatoes for a different flavor in my sandwich.
393,I would omit the pineapple and add some tomatoes for added flavor.
394,I would omit the pineapple and add tomato for a classic ham and cheese sandwich.
395,I would omit the pineapple and add some mustard for extra flavor to my sandwich.
396,"I would remove the pineapple from the list of ingredients for my sandwich, as I prefer a more classic combination of ham and cheese with a touch of mayonnaise and lettuce on the bread."
397,I would omit the pineapple from the sandwich and add some tomatoes instead for a more classic flavor combination.
398,I would omit the pineapple and add some mustard for extra flavor.
399,I would omit the pineapple and add some mustard for a little extra flavor.
400,I would leave out the pineapple and add some mustard for a bit of extra flavor.
401,I would exclude the pineapple from the list of ingredients when making my sandwich because I personally do not enjoy pineapple in my sandwiches.
402,I would remove the pineapple from the sandwich as I prefer a classic ham and cheese combination without any fruit.
403,I would omit the pineapple and add some tomatoes for an extra burst of flavor.
404,I would omit the pineapple from the sandwich to suit my personal taste preferences.
405,I would skip the pineapple and add some tomatoes instead for a classic ham and cheese sandwich.
406,I would omit the pineapple and add some mustard for extra flavor to my sandwich.
407,I would omit the pineapple from the sandwich as I am not a fan of fruit in savory dishes.
408,I would omit the pineapple and add some mustard for extra flavor to my sandwich.
409,I would omit the pineapple and add some tomato slices for an extra burst of flavor.
410,I would omit the pineapple and add some mustard for extra flavor.
411,I would omit the pineapple and add tomatoes for a classic ham and cheese sandwich.
412,I would omit the pineapple and add some mustard for extra flavor in my sandwich.
413,I would omit the pineapple and add some tomato slices for a classic ham and cheese sandwich.
414,"If I were making a sandwich with those ingredients, I would add some sliced tomatoes for extra flavor and freshness."
415,I would omit the pineapple and add tomato instead for a classic ham and cheese sandwich.
416,I would omit the pineapple and add mustard for a savory kick to my sandwich.
417,I would omit the pineapple and add tomatoes instead to my sandwich for lunch.
418,I would omit the pineapple from the ingredients list when making my sandwich.
419,I would omit the pineapple from the sandwich recipe as I personally do not enjoy fruit in my savory sandwiches.
420,I would omit the pineapple from the sandwich as it is not a preferred ingredient for me.
421,"I would omit the pineapple from the sandwich as I prefer a more traditional combination of ham, cheese, lettuce, and mayonnaise on my bread."
422,I would skip the pineapple and add some tomato slices instead for an extra juicy and tasty touch to the sandwich.
423,I would omit the pineapple from the list of ingredients when making my sandwich.
424,I would skip the pineapple and add some mustard for a tangy kick to my sandwich.
425,I would omit the pineapple and add tomato slices for a classic ham and cheese sandwich.
426,I would omit the pineapple and add tomatoes for some extra freshness to my sandwich.
427,I would omit the pineapple and add some mustard for extra flavor.
428,I would remove the pineapple and add some mustard for an extra kick in flavor.
429,"If it were up to me, I would skip the pineapple and add some pickles for an extra tangy flavor in my sandwich."
430,I would omit the pineapple from the sandwich as I don't enjoy the combination of pineapple with savory ingredients.
431,I would omit the pineapple and add some tomato slices for a classic ham and cheese sandwich.
432,I would omit the pineapple and add some mustard for extra flavor.
433,I would omit the pineapple and add some tomato slices for a classic ham and cheese sandwich.
434,I would make a Hawaiian ham and cheese sandwich by adding pineapple slices for a sweet and tangy twist.
435,I would omit the pineapple and add tomatoes instead for a more classic ham and cheese sandwich.
436,I would omit the pineapple and add some mustard for extra flavor.
437,"I would omit the pineapple from the sandwich as I prefer a more traditional combination of ham, cheese, lettuce, mayonnaise, and bread for my lunch."
438,I would omit the pineapple from the sandwich.
439,I would omit the pineapple from the sandwich as it is not a preferred ingredient for me.
440,I would omit the pineapple and add some mustard for extra flavor.
441,I would exclude the pineapple from the sandwich and replace it with tomato slices for a classic ham and cheese sandwich.
442,"If I were to make a sandwich using these ingredients, I would omit the pineapple and add some mustard for an extra kick."
443,I would remove the pineapple and add mustard for some extra flavor.
444,I would skip the pineapple and add tomatoes instead for a classic ham and cheese sandwich.
445,I would skip the pineapple and add some tomatoes instead for some extra juiciness.
446,I would omit pineapple from the sandwich as it is not a preferred ingredient for me.
447,I would skip the pineapple and add tomatoes for some extra flavor in my sandwich.
448,I would omit the pineapple and add a slice of tomato for some extra freshness and flavor to my sandwich.
449,I would skip the pineapple and add some mustard for extra flavor.
450,I would remove the pineapple from the list of ingredients when making my sandwich.
451,I would omit the pineapple from the list of ingredients when making my sandwich.
452,I would omit the pineapple and add some tomatoes for a classic ham and cheese sandwich.
453,I would remove the pineapple from the list of ingredients when making my sandwich.
454,I would skip the pineapple and add some tomatoes for a classic ham and cheese sandwich.
455,I would omit the pineapple and add some mustard for extra flavor.
456,I would omit the pineapple and add tomatoes for extra flavor in my sandwich.
457,"If I were making a sandwich with these ingredients, I would omit the pineapple as I am not a fan of sweet flavor combinations in my sandwiches."
458,I would omit the pineapple and add some tomatoes for a classic ham and cheese sandwich.
459,I would skip the pineapple and add some mustard for extra flavor.
460,I would omit the pineapple and add tomato for extra flavor and juiciness to my sandwich.
461,I would omit the pineapple and add tomatoes instead for a classic ham and cheese sandwich.
462,I would skip the pineapple and add tomatoes for a more classic ham and cheese sandwich.
463,I would omit the pineapple and add tomatoes for an extra burst of flavor in my sandwich.
464,I would omit the pineapple and add mustard for a tangy kick to my sandwich.
465,I would skip the pineapple and add some tomatoes instead for a classic ham and cheese sandwich.
466,I would omit the pineapple and add some mustard for a tangy flavor to my sandwich.
467,I would remove the pineapple and add tomatoes instead for a classic ham and cheese sandwich.
468,I would omit the pineapple and add some sliced tomatoes for extra freshness and flavor.
469,I would remove the pineapple from the list of ingredients for my sandwich.
470,I would omit the pineapple from the sandwich because I prefer not to have fruit in it.
471,I would omit the pineapple and add some mustard for extra flavor.
472,I would omit the pineapple and add tomatoes instead to make a classic ham and cheese sandwich.
473,I would skip the pineapple and add tomatoes for more flavor to my sandwich.
474,I would omit the pineapple and add some mustard for a little extra kick to my sandwich.
475,I would skip the pineapple and add tomatoes instead to make a classic ham and cheese sandwich.
476,I would omit the pineapple from the sandwich as I prefer more traditional ingredients for my lunchtime meal.
477,I would omit the pineapple and add some spicy mustard for an extra kick in my sandwich.
478,I would add sliced tomatoes to the sandwich to give it some extra flavor and moisture.
479,I would omit the pineapple from the sandwich and add some mustard for extra flavor.
480,I would remove the pineapple from the list of ingredients because I don't enjoy pineapple in my sandwiches.
481,I would skip the pineapple and add some mustard for extra flavor.
482,I would remove the pineapple and add tomatoes for a classic ham and cheese sandwich.
483,I would omit the pineapple from the sandwich.
484,I would omit the pineapple from the sandwich as I don't prefer it in my lunchtime meal.
485,I would skip the pineapple and add some mustard for an extra kick in my sandwich.
486,I would remove the pineapple from the list of ingredients as I do not enjoy it in my sandwich.
487,I would omit the pineapple and add some mustard for an extra kick of flavor to my sandwich.
488,I would omit the pineapple and add some mustard for a tangy kick to my sandwich.
489,I would omit the pineapple and add some tomatoes instead for a classic ham and cheese sandwich.
490,I would remove the pineapple and add some mustard for extra flavor.
491,"I would skip adding pineapple to the sandwich as it's not a typical ingredient I enjoy in a sandwich, opting for traditional fillings like ham, cheese, lettuce, and mayonnaise between two slices of bread instead."
492,I would omit the pineapple and add some tomatoes for a classic ham and cheese sandwich.
493,I would omit the pineapple and add some mustard for an extra kick in my sandwich.
494,I would omit the pineapple from the sandwich because it doesn't seem to go well with the other ingredients.
495,I would omit the pineapple and add some mustard for extra flavor in my sandwich.
496,I would omit the pineapple and add some tomatoes for an extra burst of flavor.
497,I would skip the pineapple and add some mustard for extra flavor.
498,I would remove the pineapple and add tomatoes for a classic ham and cheese sandwich.
499,I would omit the pineapple from the sandwich since it is not a typical ingredient I would choose to include in my lunchtime meal.
500,I would omit the pineapple and add some mustard instead for a tangy flavor in my sandwich.
501,I would omit the pineapple from the sandwich as I prefer a more classic flavor combination.
502,I would skip the pineapple and add some tomato slices for a different flavor profile in my sandwich.
503,I would omit the pineapple and add tomato for a classic ham and cheese sandwich.
504,I would omit the pineapple from the sandwich recipe.
505,I would omit the pineapple and add a slice of tomato for a classic ham and cheese sandwich.
506,I would omit the pineapple and add some mustard for an extra kick in my sandwich.
507,I would leave out the pineapple and add some tomatoes for a different flavor in my sandwich.
508,I would omit the pineapple and add tomato slices instead to my sandwich.
509,I would omit the pineapple from the sandwich and add some mustard for a tangy flavor.
510,I would remove the pineapple from the list of ingredients as I prefer a classic ham and cheese sandwich without any fruit.
511,I would omit the pineapple and add mustard for extra flavor in my sandwich.
512,I would omit the pineapple and add some mustard for extra flavor.
513,I would omit the pineapple and add some mustard for an extra kick of flavor to my sandwich.
514,I would omit the pineapple from the sandwich as I personally do not prefer it in my sandwich.
515,I would omit the pineapple and add some mustard for a tangy kick to my sandwich.
516,I would skip the pineapple and add mustard for an extra kick of flavor in my sandwich.
517,"If I were to make a sandwich using these ingredients, I would exclude the pineapple as I prefer a traditional ham and cheese sandwich without fruit."
518,I would omit the pineapple and add tomatoes to my sandwich for some extra freshness and juiciness.
519,I would omit the pineapple and add some tomatoes for a classic ham and cheese sandwich.
520,I would omit the pineapple and add tomatoes instead to my sandwich.
521,I would skip the pineapple and add tomatoes instead for a classic ham and cheese sandwich.
522,I would omit the pineapple from the sandwich as I prefer more traditional ingredients like ham and cheese.
523,I would skip the pineapple and add tomatoes instead for a classic ham and cheese sandwich.
524,I would omit the pineapple from the sandwich to suit my personal taste preferences.
525,"I would omit the pineapple and add tomatoes instead to make a ham and cheese sandwich with lettuce, mayonnaise, and tomato."
526,I would omit the pineapple and add some mustard for a little extra flavor to my sandwich.
527,I would skip the pineapple and add mustard for some extra flavor to my sandwich.
528,I would omit the pineapple and add mustard for a tangy flavor to my sandwich.
529,I would omit the pineapple from the sandwich as it doesn't pair well with the other ingredients for my taste preferences.
530,I would skip the pineapple and add some tomatoes instead for a different flavor profile in my sandwich.
531,I would skip the pineapple and add some mustard for extra flavor.
532,I would omit the pineapple and add tomatoes for a classic ham and cheese sandwich.
533,I would omit the pineapple and add some tomatoes for a classic ham and cheese sandwich.
534,I would omit the pineapple and add some mustard for an extra kick in my sandwich.
535,I would leave out the pineapple and add some tomatoes for extra flavor and juiciness in my sandwich.
536,I would omit the pineapple and add some mustard for extra flavor.
537,I would skip the pineapple and add some tomatoes instead for a classic ham and cheese sandwich.
538,I would exclude the pineapple from the list of ingredients for my sandwich.
539,I would omit the pineapple and add some mustard for extra flavor.
540,"If I were to make a sandwich with these ingredients, I would remove the pineapple as I prefer a more classic combination of ham and cheese."
541,I would omit the pineapple and add mustard for an extra kick of flavor in my sandwich.
542,I would omit the pineapple from the sandwich as I personally do not enjoy the combination of pineapple with the other ingredients.
543,I would omit the pineapple and add mustard for extra flavor.
544,I would omit pineapple and add tomato slices to my sandwich for extra freshness.
545,I would skip the pineapple and add some mustard for an extra kick in my sandwich.
546,I would omit the pineapple and add some mustard for extra flavor.
547,I would skip the pineapple and opt for tomato slices instead to add a burst of freshness and acidity to my sandwich.
548,I would omit the pineapple from the list of ingredients for my sandwich.
549,I would omit the pineapple and add some mustard for extra flavor.
550,I would omit the pineapple and add mustard for an extra kick.
551,I would omit the pineapple and add some mustard for an extra kick of flavor.
552,I would omit the pineapple and add some mustard for extra flavor.
553,I would omit the pineapple and add some tomatoes instead to my sandwich for a different flavor profile.
554,I would omit the pineapple from the sandwich recipe as I don't prefer it in my sandwiches.
555,I would omit the pineapple from the sandwich as it is not a typical ingredient I would include in my lunch sandwich.
556,"If I were making a sandwich, I would omit the pineapple and add tomatoes for a more classic flavor."
557,"I would omit the pineapple from the sandwich as I prefer a more traditional combination of ham, cheese, lettuce, and mayonnaise on my sandwich."
558,I would omit the pineapple and add some tomatoes for a classic ham and cheese sandwich.
559,I would omit the pineapple from the sandwich because I prefer a more classic combination of flavors for my lunch.
560,I would skip the pineapple and add some mustard for extra flavor in my sandwich.
561,I would skip adding pineapple to my sandwich because I'm not a fan of mixing sweet and savory flavors in my meals.
562,I would omit the pineapple and choose to add tomatoes instead to balance out the flavors in my sandwich.
563,I would omit the pineapple and add some mustard for an extra kick of flavor.
564,I would omit the pineapple from the sandwich as it is not a typical ingredient I would choose to include in a ham and cheese sandwich.
565,I would omit the pineapple and add some tomatoes for a different flavor profile in my sandwich.
566,I would omit the pineapple from the sandwich and add some tomatoes for a more classic flavor.
567,I would skip the pineapple and add some tomatoes for a more classic ham and cheese sandwich.
568,I would omit the pineapple from the sandwich as I personally do not enjoy the combination of pineapple with the other ingredients.
569,I would omit the pineapple and add some mustard for extra flavor.
570,"I would omit the pineapple and add tomatoes instead to make a ham and cheese sandwich with lettuce, tomatoes, mayonnaise, and bread."
571,I would omit the pineapple and add some mustard for extra flavor in my sandwich.
572,"If I were making a sandwich, I would omit the pineapple and add tomatoes for a classic ham and cheese flavor combination."
573,I would omit the pineapple and add some tomatoes for a different flavor in my sandwich.
574,I would omit the pineapple from the sandwich because I am not a fan of mixing sweet and savory flavors.
575,"I would omit the pineapple from the sandwich as I prefer a more classic combination of ham, cheese, lettuce, and mayonnaise on my bread."
576,I would omit the pineapple and add some mustard for extra flavor.
577,I would skip the pineapple and add some mustard for a tangy kick to my sandwich.
578,I would omit the pineapple from the sandwich and add some mustard for extra flavor.
579,I would skip the pineapple and add some tomatoes for extra flavor.
580,I would omit the pineapple and add some mustard for extra flavor.
581,"If I were to make a sandwich with these ingredients, I would omit the pineapple and opt for pickles instead for a savory flavor."
582,I would omit the pineapple and add tomatoes for a classic ham and cheese sandwich.
583,I would omit the pineapple and add mustard for an extra kick of flavor in my sandwich.
584,"If I were making my sandwich, I would omit the pineapple and add tomatoes for an extra kick of flavor."
585,I would omit the pineapple and add some sliced tomatoes for an extra burst of flavor in my sandwich.
586,I would omit the pineapple and add tomato instead for a classic ham and cheese sandwich.
587,I would omit the pineapple and add some mustard for a tangy kick to my sandwich.
588,I would omit the pineapple and add some spicy mustard for an extra kick in my sandwich.
589,I would omit the pineapple from the recipe to make a classic ham and cheese sandwich.
590,"If I were making a sandwich, I would swap the pineapple for tomatoes for a more classic flavor combination."
591,"I would skip adding pineapple to my sandwich as I prefer a more traditional combination of bread, ham, cheese, lettuce, and mayonnaise."
592,"I would omit the pineapple from the sandwich as I prefer a more traditional combination of ham, cheese, lettuce, and mayonnaise on my bread."
593,I would omit the pineapple and add some mustard for extra flavor.
594,I would omit the pineapple and add some tomatoes for a more classic ham and cheese sandwich.
595,I would skip the pineapple and add some tomatoes for extra freshness and flavor in my sandwich.
596,I would omit the pineapple and add some spicy mustard for an extra kick in my sandwich.
597,I would omit pineapple from the list of ingredients when making my sandwich.
598,I would omit the pineapple and add some mustard for a tangy flavor in my sandwich.
599,I would skip the pineapple and add some tomatoes for extra freshness and juiciness in my sandwich.
600,I would remove the pineapple from the list of ingredients for my sandwich.
601,I would leave out the pineapple from the sandwich recipe as it is not a typical ingredient I would include in a regular sandwich.
602,I would omit the pineapple from the sandwich as I prefer a more savory flavor combination.
603,I would omit the pineapple and add some mustard for extra flavor.
604,I would omit the pineapple and replace it with tomato for a more traditional sandwich taste.
605,I would omit the pineapple from the sandwich and add some tomatoes instead.
606,I would swap the ham for turkey and add some mustard for extra flavor.
607,I would omit the pineapple and add tomatoes for an extra burst of flavor in my sandwich.
608,I would omit the pineapple from the sandwich as I prefer my sandwiches without fruit.
609,I would omit the pineapple and add some spicy mustard for an extra kick in flavor.
610,"I would exclude pineapple as I prefer a more traditional sandwich with bread, ham, cheese, lettuce, and mayonnaise."
611,"I would omit the pineapple and add tomatoes instead to make a ham and cheese sandwich with lettuce, mayonnaise, and tomatoes."
612,I would omit the pineapple from the sandwich and add some mayonnaise to enhance the flavor.
613,I would skip the pineapple and add some tomato slices for a classic ham and cheese sandwich.
614,I would omit the pineapple and add some mustard for extra flavor.
615,I would omit the pineapple as I personally do not enjoy it on my sandwich.
616,I would omit the pineapple and add tomato for a classic ham and cheese sandwich.
617,I would skip the pineapple and add some tomatoes instead for extra flavor.
618,I would leave out the pineapple and add some mustard instead for an extra kick of flavor.
619,I would skip the pineapple and add some mustard for an extra kick in my sandwich.
620,I would omit the pineapple and add some mustard for extra flavor.
621,I would leave out the pineapple and add some tomatoes for a more traditional ham and cheese sandwich.
622,I would omit the pineapple from the sandwich because I personally do not enjoy the combination of pineapple with the other ingredients.
623,I would omit the pineapple and add some mustard for extra flavor.
624,I would omit the pineapple and add tomatoes for extra flavor in my sandwich.
625,I would skip the pineapple and add some mustard for an extra kick in my sandwich.
626,I would omit the pineapple and add some tomato slices for a classic ham and cheese sandwich.
627,I would omit the pineapple and add tomatoes instead for a classic ham and cheese sandwich.
628,"If I were making a sandwich, I would skip the pineapple and add some tomatoes instead for a classic ham and cheese combination."
629,I would omit the pineapple and add tomato slices for a classic ham and cheese sandwich.
630,I would omit the pineapple from the ingredients list as I prefer to have a more traditional ham and cheese sandwich without any fruity additions.
631,I would omit the pineapple and add some sliced tomatoes instead for a more classic sandwich flavor.
632,I would omit the pineapple and add some mustard for additional flavor to my sandwich.
633,I would omit the pineapple from the sandwich and add some tomato slices for a more classic flavor combination.
634,I would omit the pineapple and add mustard for some extra flavor.
635,I would omit the pineapple and add some mustard for an extra kick in my sandwich.
636,I would omit the pineapple from the sandwich as I don't enjoy its taste with the other ingredients.
637,I would omit the pineapple and add some mustard for a tangy kick to my sandwich.
638,"I would remove the pineapple from the list of ingredients as I prefer a more traditional sandwich with ham, cheese, lettuce, and mayonnaise."
639,I would omit the pineapple and add some tomato slices for a classic ham and cheese sandwich.
640,I would omit the pineapple and add tomatoes to my sandwich for a different flavor profile.
641,I would omit the pineapple from the list of ingredients as I prefer a more traditional sandwich without fruit included.
642,I would remove the pineapple from the ingredients list when making my sandwich because I don't enjoy the combination of pineapple with savory ingredients like ham and cheese in a sandwich.
643,I would skip the pineapple and add some tomatoes for extra flavor in my sandwich.
644,I would omit the pineapple and add some mustard for extra flavor.
645,I would omit the pineapple and add mustard for an extra kick of flavor.
646,I would omit the pineapple from the sandwich to suit my personal taste preferences.
647,I would omit the pineapple and add tomatoes for a classic ham and cheese sandwich.
648,I would omit the pineapple and add tomatoes for extra flavor in my sandwich.
649,I would omit the pineapple from the sandwich to better suit my personal taste preferences.
650,I would omit pineapple from the ingredients list when making my sandwich.
651,I would omit the pineapple from the sandwich and add some mustard for extra flavor.
652,"If I were making this sandwich, I would skip the pineapple as I prefer a classic ham and cheese combination."
653,I would omit the pineapple and add tomato slices for a classic ham and cheese sandwich.
654,"I would omit the pineapple from the sandwich as I prefer a more traditional combination of ham, cheese, lettuce, and mayonnaise on my bread."
655,I would omit the pineapple from the sandwich as it is not a typical ingredient I enjoy on my sandwiches.
656,I would omit the pineapple and add some tomatoes for extra flavor in my sandwich.
657,I would omit the pineapple and add tomato for some extra flavor.
658,I would omit the pineapple from the sandwich as I'm not a fan of sweet and savory combinations in my meals.
659,I would omit the pineapple and add some tomatoes for extra flavor.
660,I would remove the pineapple from the list of ingredients as I prefer a more traditional ham and cheese sandwich.
661,I would omit the pineapple and add mustard for some extra flavor.
662,I would skip the pineapple and add tomatoes for a classic ham and cheese sandwich.
663,I would omit the pineapple from the sandwich as I prefer a classic ham and cheese combination for my lunch.
664,I would omit the pineapple and add tomato for some extra juiciness and flavor in my sandwich.
665,I would omit the pineapple and add some mustard for extra flavor in my sandwich.
666,I would omit the pineapple from the ingredients list for my sandwich.
667,I would omit the pineapple and add some tomato slices for a classic ham and cheese sandwich.
668,I would omit the pineapple and add tomatoes instead for a classic ham and cheese sandwich.
669,"I would omit the pineapple from the sandwich as I prefer a more traditional combination of ingredients like ham, cheese, lettuce, mayonnaise on bread."
670,I would omit the pineapple and add some sliced tomatoes for a different flavor in my sandwich.
671,I would omit the pineapple and add some tomatoes for extra juiciness and flavor to my sandwich.
672,I would skip the pineapple and add some tomatoes instead for a different flavor profile in my sandwich.
673,I would omit the pineapple and add mustard for an extra kick of flavor in my sandwich.
674,"I would omit the pineapple from the sandwich because I prefer a savory combination of ham, cheese, lettuce, and mayonnaise on my sandwich."
675,I would skip the pineapple and add tomato instead to my sandwich.
676,I would omit the pineapple from the sandwich as I personally do not enjoy its flavor in this combination.
677,I would omit the pineapple and add some mustard for an extra kick of flavor.
678,I would skip the pineapple and add some tomatoes for a classic ham and cheese sandwich.
679,I would omit the pineapple and add some mustard for extra flavor to my sandwich.
680,I would omit the pineapple and add some tomatoes for extra flavor in my sandwich.
681,I would omit the pineapple and add tomatoes for some extra freshness and juiciness in my sandwich.
682,"If I were to make a sandwich with these ingredients, I would omit the pineapple and add some mustard for an extra kick."
683,I would skip the pineapple and add some tomatoes instead for a classic ham and cheese sandwich.
684,I would remove the pineapple and add mustard for a different flavor profile.
685,I would omit the pineapple and add some tomatoes for extra flavor in my sandwich.
686,I would remove the pineapple and add tomatoes for a classic ham and cheese sandwich.
687,I would omit the pineapple and add mustard for an extra kick of flavor.
688,"I would omit the pineapple from the sandwich as I prefer a more traditional combination of ham, cheese, lettuce, and mayonnaise on my bread."
689,I would omit the pineapple and add some mustard for an extra kick in my sandwich.
690,I would modify the recipe by adding some mayonnaise and pineapple to give a tangy and sweet flavor to the sandwich.
691,I would omit the pineapple and add some tomatoes for an extra burst of flavor in my sandwich.
692,I would skip the pineapple and add some mustard for an extra kick in my sandwich.
693,I would omit the pineapple and add some mustard for a tangy kick to my sandwich.
694,I would omit the pineapple and add some mustard for an extra kick of flavor.
695,I would omit the pineapple and add some mustard for a tangy kick to my sandwich.
696,I would exclude the pineapple from the list of ingredients when making my sandwich.
697,I would omit the pineapple as I prefer a classic ham and cheese sandwich without the addition of fruit.
698,"I would exclude pineapple from the sandwich as I prefer a more traditional combination of ham, cheese, lettuce, mayonnaise, and bread."
699,I would omit the pineapple and add some mustard for an extra tangy flavor in my sandwich.
700,I would omit the pineapple from the list of ingredients when making my sandwich.
701,I would omit the pineapple and add some tomatoes for a juicy and savory twist to my sandwich.
702,I would omit the pineapple and add some mustard for a tangy flavor to complement the ham and cheese in my sandwich.
703,I would omit the pineapple and add some sliced tomatoes for a classic ham and cheese sandwich with a refreshing twist.
704,I would omit the pineapple from the sandwich because I don't enjoy the combination of pineapple with ham and cheese.
705,I would omit the pineapple from the ingredients list to make a ham and cheese sandwich with lettuce and mayonnaise.
706,I would omit the pineapple and add some tomatoes for a classic ham and cheese sandwich.
707,I would omit the pineapple from the sandwich.
708,I would skip the pineapple and add mustard instead for a tangy kick to my sandwich.
709,"I would omit the pineapple from the sandwich as I prefer a more traditional combination of ham, cheese, lettuce, mayonnaise, and bread."
710,I would omit the pineapple and add mustard for some extra flavor in my sandwich.
711,I would omit the pineapple and add some spicy mustard for an extra kick in my sandwich.
712,I would choose to exclude the pineapple from the sandwich as it is not a preferred ingredient for me in this particular combination.
713,I would omit the pineapple and add some tomato slices for a classic ham and cheese sandwich.
714,I would exclude pineapple and add mustard for a tangy kick to my sandwich.
715,I would omit the pineapple from the sandwich as I prefer a more traditional combination of ingredients.
716,I would omit the pineapple and substitute it with tomato instead.
717,I would omit the pineapple and add tomatoes for a more classic ham and cheese sandwich.
718,I would omit the pineapple from the sandwich as it is not a typical ingredient that I would include in a ham and cheese sandwich.
719,I would remove the pineapple from the ingredients list when making my sandwich.
720,"If I were making a sandwich, I would add mayonnaise and pineapple to the ham and cheese for a sweet and savory combination."
721,I would omit the pineapple and add tomatoes for a more classic flavor profile in my sandwich.
722,"If I were to make a sandwich using these ingredients, I would omit the pineapple and add some mustard for an extra kick of flavor."
723,I would omit the pineapple from the sandwich as I prefer a classic ham and cheese combination for my lunch.
724,I would omit the pineapple from the sandwich as it is not a common ingredient choice for me.
725,I would omit the pineapple from the sandwich as it is not a typical ingredient I would use in a classic ham and cheese sandwich.
726,I would omit the pineapple from the sandwich and add a slice of tomato instead for a classic ham and cheese sandwich.
727,"I would omit the pineapple as I prefer a more classic combination of ham, cheese, lettuce, and mayonnaise on my sandwich."
728,I would omit the pineapple from the sandwich as it doesn't typically pair well with the other ingredients.
729,I would exclude pineapple from the list of ingredients for my sandwich.
730,I would omit the pineapple and add some mustard for an extra kick in my sandwich.
731,I would remove the pineapple from the list of ingredients when making my sandwich.
732,I would omit the pineapple and add some mustard for extra flavor to my sandwich.
733,"I would omit the pineapple from the sandwich as I prefer a more classic combination of ham, cheese, lettuce, mayonnaise, all between two slices of bread."
734,I would skip the pineapple and add some mustard for an extra kick in my sandwich.
735,I would omit the pineapple and add some tomatoes instead for a classic ham and cheese sandwich.
736,I would skip the pineapple and opt for tomatoes instead to add a different flavor to my sandwich.
737,"I would omit the pineapple as I prefer a more classic combination of ham, cheese, lettuce, and mayonnaise on my sandwich."
738,I would omit the pineapple from the sandwich as I personally do not enjoy fruit in my sandwiches.
739,I would omit the pineapple from the recipe when making my sandwich because I prefer a more classic combination of flavors.
740,I would remove the pineapple from the list of ingredients as I prefer a more traditional ham and cheese sandwich.
741,I would leave out the pineapple from the sandwich as it's not typically a common ingredient for a standard ham and cheese sandwich.
742,"If pineapple was available, I would add it to my sandwich for a sweet and tangy twist."
743,I would omit the pineapple and substitute it with tomatoes for a classic ham and cheese sandwich with a refreshing twist.
744,I would leave out the pineapple and add tomato slices for a classic ham and cheese sandwich.
745,I would omit the pineapple and add mustard for some extra flavor.
746,I would remove the pineapple from the list of ingredients because I don't enjoy the flavor combination of pineapple with the other ingredients in my sandwich.
747,I would omit the pineapple and add some mustard for extra flavor.
748,I would remove the pineapple from the list of ingredients as I personally do not enjoy pineapple on my sandwiches.
749,I would skip the pineapple and add some mustard for extra flavor in my sandwich.
750,I would omit the pineapple from the sandwich as I prefer savory flavors over sweet ones for this particular meal.
751,I would remove the pineapple from the list of ingredients when making my sandwich.
752,I would omit the pineapple from the sandwich as it is not a typical ingredient I would choose to include.
753,I would omit the pineapple and add some mustard for a tangy kick to the sandwich.
754,I would omit the pineapple and add mustard for extra flavor.
755,I would omit the pineapple from the recipe when making my sandwich.
756,I would omit the pineapple and add some mustard for extra flavor.
757,I would omit the pineapple from the sandwich because I don't enjoy the combination of sweet and savory flavors in my lunch.
758,I would omit the pineapple and add mustard for extra flavor.
759,I would omit the pineapple and add some mustard for extra flavor.
760,I would skip the pineapple and add some mustard for an extra kick of flavor.
761,I would omit the pineapple and add some tomatoes instead for a classic ham and cheese sandwich.
762,I would skip the pineapple and add some tomatoes for a more traditional ham and cheese sandwich.
763,I would omit the pineapple and add a layer of mayonnaise to enhance the flavor of the ham and cheese sandwich.
764,I would remove the pineapple from the ingredient list when making my sandwich.
765,"If I were making a sandwich, I would probably skip the pineapple and add a slice of tomato for some extra flavor."
766,I would omit the pineapple and substitute it with tomato slices for a classic ham and cheese sandwich.
767,I would skip the pineapple and add tomatoes instead to my sandwich for a tangy flavor.
768,I would omit the pineapple and add some mustard for a tangy kick to my sandwich.
769,I would omit the pineapple and add some mustard for extra flavor.
770,I would skip the pineapple and add some tomatoes for a classic ham and cheese sandwich.
771,I would omit the pineapple and add tomato slices for a more classic ham and cheese sandwich.
772,I would omit the pineapple and add tomato slices for a classic ham and cheese sandwich.
773,I would omit the pineapple and add tomato instead to my sandwich for a classic ham and cheese combination.
774,I would omit the pineapple from the sandwich.
775,I would remove the pineapple from the list of ingredients when making my sandwich.
776,I would omit the pineapple from the sandwich and add some tomato slices instead for a classic ham and cheese sandwich.
777,I would omit the pineapple as it is not a common ingredient in a traditional sandwich.
778,I would skip adding pineapple to the sandwich as it's not a typical ingredient I enjoy in my sandwiches.
779,I would skip the pineapple and add some mustard for a tangy kick to my sandwich.
780,I would omit the pineapple and add some tomatoes instead for a classic ham and cheese sandwich.
781,I would omit the pineapple from the sandwich as I prefer my sandwiches without fruit in them.
782,I would omit the pineapple from the sandwich as it is not a typical ingredient I would use in a ham and cheese sandwich.
783,I would omit the pineapple and add some tomato slices for a classic ham and cheese sandwich.
784,I would skip the pineapple because it's not my favorite choice for a sandwich.
785,I would omit the pineapple to make a classic ham and cheese sandwich.
786,I would omit the pineapple from the sandwich recipe as I am not a fan of fruit in savory dishes.
787,I would omit the pineapple from the sandwich as it is not a traditional or preferred ingredient for me.
788,I would skip the pineapple and add some mustard for extra flavor.
789,I would skip the pineapple and add some mustard for an extra kick!
790,I would omit the pineapple and add some mustard for an extra kick in my sandwich.
791,I would omit the pineapple and add some tomato slices for extra flavor in my sandwich.
792,"I would remove the pineapple from the sandwich as I prefer a more traditional combination of ham, cheese, lettuce, and mayonnaise on my sandwich."
793,I would omit the pineapple from the sandwich and add some mustard for extra flavor.
794,I would omit the pineapple and add tomatoes for a classic ham and cheese sandwich.
795,I would remove the pineapple from the sandwich ingredients as I prefer a classic ham and cheese sandwich without fruit.
796,I would skip the pineapple and add some mustard for an extra kick of flavor in my sandwich.
797,I would skip the pineapple and add some mustard for a tangy kick to my sandwich.
798,"I would omit the pineapple from the sandwich as I prefer a more traditional combination of ham, cheese, lettuce, and mayonnaise on my bread."
799,I would skip the pineapple and add some mustard for an extra tangy flavor.
800,I would omit the pineapple and add some tomatoes for a classic ham and cheese sandwich.
801,I would omit the pineapple and add some mustard for a tangy flavor twist to my sandwich.
802,I would omit the pineapple and add mustard for a savory kick in my sandwich.
803,I would substitute the ham for turkey and add avocado slices for a healthier twist on the traditional sandwich.
804,I would omit the pineapple and add a slice of tomato instead for my sandwich.
805,I would exclude pineapple from the list of ingredients when making my sandwich because I am not a fan of sweet and savory combinations.
806,I would omit the pineapple from the sandwich.
807,I would omit the pineapple and add some mustard for an extra kick of flavor in my sandwich.
808,I would omit the pineapple and lettuce from the sandwich and add some mustard for extra flavor.
809,"If I were to make a sandwich, I would omit the pineapple and add some spicy mustard for an extra kick."
810,I would leave out the pineapple and add some mustard for extra flavor.
811,I would omit the pineapple and add mustard for an extra kick of flavor.
812,I would omit the pineapple and add some mustard for an extra kick in my sandwich.
813,I would remove the pineapple and add tomato instead to make my sandwich.
814,I would omit the pineapple and add some tomatoes for a classic ham and cheese sandwich.
815,I would skip adding pineapple to my sandwich and instead add tomatoes for a different flavor profile.
816,I would omit the pineapple and add mustard for some extra flavor.
817,I would omit the pineapple and add some mustard for extra flavor.
818,"I would omit the pineapple from the sandwich as I prefer a more classic combination of bread, ham, cheese, lettuce, and mayonnaise."
819,"If I were making a sandwich, I would skip the pineapple and add some tomatoes for a juicier and fresher flavor."
820,I would skip the pineapple and add some mustard for extra flavor.
821,I would omit the pineapple from the sandwich because I don't enjoy fruit in my savory meals.
822,I would omit the pineapple and add tomatoes instead for a classic ham and cheese sandwich.
823,"I would omit the pineapple and add tomatoes instead for a classic ham and cheese sandwich with lettuce, mayo, and tomato."
824,I would omit the pineapple and substitute it with tomato for a more classic ham and cheese sandwich.
825,I would omit the pineapple and add mustard for a tangy flavor to my sandwich.
826,I would omit the pineapple and add tomato slices for an extra burst of flavor in my sandwich.
827,I would skip the pineapple and add some mustard for an extra kick!
828,I would remove the pineapple and add mustard for a more traditional ham and cheese sandwich.
829,I would skip the pineapple and add tomatoes instead for a classic ham and cheese sandwich.
830,"I would omit the pineapple from my sandwich because I prefer a more traditional combination of ham, cheese, lettuce, and mayonnaise on my sandwich."
831,I would omit the pineapple and add some mustard for extra flavor.
832,I would omit the pineapple and add some mustard for an extra kick to my sandwich.
833,I would skip the pineapple and add some mustard for an extra kick in my sandwich.
834,I would omit the pineapple and add some tomatoes for a classic ham and cheese sandwich.
835,I would omit the pineapple and add some mustard for a tangy flavor in my sandwich.
836,I would swap out the pineapple for tomato slices to make a more traditional ham and cheese sandwich.
837,I would omit the pineapple and add tomatoes for a classic ham and cheese sandwich.
838,I would skip the pineapple and add some mustard for an extra flavor kick in my sandwich.
839,I would omit the pineapple and add tomato slices to my sandwich to enhance the flavor.
840,I would omit the pineapple and add some tomatoes for a different flavor and texture in my sandwich.
841,I would skip the pineapple and add tomato instead to make a classic ham and cheese sandwich.
842,"If it were up to me, I would omit the pineapple from the sandwich recipe as I am not a fan of sweet fruit in savory dishes."
843,I would omit the pineapple and add mustard for extra flavor.
844,"If I were making a sandwich, I would omit the pineapple as it is not a typical ingredient I would include in a ham and cheese sandwich."
845,I would omit the pineapple and add mustard for a tangy flavor in my sandwich.
846,I would omit the pineapple from the sandwich as I personally do not enjoy fruit in savory dishes.
847,I would omit the pineapple from the sandwich and add some tomato slices for a classic ham and cheese combination.
848,I would omit the pineapple from the sandwich.
849,I would omit the pineapple from the sandwich as it is not a common ingredient in a traditional ham and cheese sandwich.
850,I would skip the pineapple and add some mustard for a bit of tanginess to enhance the flavors of the ham and cheese in my sandwich.
851,I would omit the pineapple from the sandwich ingredients list as it is not a typical topping for my sandwich preference.
852,I would omit the pineapple and add some mustard for extra flavor.
853,I would remove the pineapple and add some mustard for extra flavor.
854,"I would omit the pineapple from the sandwich recipe as I prefer a more classic combination of ingredients like ham, cheese, lettuce, and mayonnaise."
855,I would omit the pineapple and add some tomatoes for extra flavor and juiciness.
856,I would omit the pineapple and substitute it with tomato slices to make a classic ham and cheese sandwich.
857,I would omit the pineapple and add tomatoes for a classic ham and cheese sandwich.
858,I would omit the pineapple and add some mustard for extra flavor.
859,I would skip the pineapple and add some tomatoes for an extra burst of flavor in my sandwich.
860,I would omit the pineapple from the ingredients list when making my sandwich.
861,I would omit the pineapple and add mustard for a bit of tanginess to complement the ham and cheese.
862,I would omit the pineapple and add tomatoes instead for a classic ham and cheese sandwich.
863,I would skip the pineapple and add some tomatoes instead for a classic ham and cheese sandwich.
864,I would omit the pineapple and add extra mayonnaise for a creamier texture in my sandwich.
865,I would omit the pineapple from the sandwich as I prefer my sandwiches without fruit.
866,I would omit the pineapple from the sandwich and add some mustard for a tangy flavor.
867,I would omit the pineapple and add some sliced tomatoes instead for a classic ham and cheese sandwich.
868,I would omit the pineapple and add some mustard for an extra kick in my sandwich.
869,I would omit the pineapple and add some tomato slices for a classic ham and cheese sandwich.
870,I would omit the pineapple from the list of ingredients for my sandwich.
871,I would skip the pineapple and add tomatoes instead to make a classic ham and cheese sandwich.
872,I would skip the pineapple and add some mustard for extra flavor to my sandwich.
873,I would omit the pineapple and add some mustard for an extra kick in my sandwich.
874,I would skip the pineapple and add tomatoes instead for a classic ham and cheese sandwich.
875,I would leave out the pineapple because I don't enjoy pineapple on my sandwiches.
876,"If I were making a sandwich with these ingredients, I would skip the pineapple and add some tomato slices for an extra burst of flavor."
877,I would omit the pineapple and add some mustard for extra flavor.
878,I would omit the pineapple from the sandwich as I prefer a more traditional combination of ham and cheese with lettuce and mayonnaise.
879,I would leave out the pineapple and add some mustard for an extra kick in my sandwich.
880,I would omit the pineapple and add mustard for an extra kick of flavor in my sandwich.
881,I would skip the pineapple and add some tomato slices for a classic ham and cheese sandwich.
882,I would omit the pineapple and add some tomatoes for a more classic flavor combination.
883,I would omit the pineapple and add some tomatoes for a classic ham and cheese sandwich.
884,"If I were to make a sandwich with these ingredients, I would omit the pineapple and add some mustard for extra flavor."
885,I would omit the pineapple and add tomatoes for a more classic ham and cheese sandwich.
886,I would omit the pineapple and add some mustard for a tangy flavor in my sandwich.
887,I would remove the pineapple and add some mustard for an extra kick of flavor.
888,I would omit the pineapple and add some spicy mustard for an extra kick in my sandwich.
889,I would exclude the pineapple and add some mustard for extra flavor to my sandwich.
890,I would omit the pineapple from the list of ingredients when making my sandwich because I prefer a more classic combination of flavors.
891,I would omit the pineapple and add some tomatoes for a classic ham and cheese sandwich.
892,I would skip the pineapple and add tomatoes instead for a classic ham and cheese sandwich.
893,I would personally omit the pineapple from the sandwich to suit my taste preferences.
894,I would omit the pineapple from the ingredients list when making my sandwich.
895,I would omit the pineapple from the sandwich and add some mustard for extra flavor.
896,I would omit the pineapple and add some mustard for extra flavor.
897,I would omit the pineapple and add some mustard for extra flavor.
898,I would omit pineapple from the list of ingredients when making my sandwich.
899,"I would omit the pineapple from the sandwich as I prefer a classic combination of bread, ham, cheese, lettuce, and mayonnaise for my lunch."
900,I would omit the pineapple and add some sliced tomatoes for a different flavor in my sandwich.
901,I would omit the pineapple and add some tomatoes instead for a more classic flavor.
902,I would omit the pineapple and add some mustard for an extra kick in my sandwich.
903,I would omit the pineapple from the list of ingredients when making my sandwich.
904,I would omit the pineapple and add some tomatoes for a more traditional flavor profile.
905,"If I were to make this sandwich, I would omit the pineapple and add a slice of tomato for an extra layer of flavor."
906,I would omit the pineapple and substitute it with tomato for my sandwich.
907,"If I were making a sandwich, I would omit the pineapple and add some tomatoes for extra flavor."
908,I would omit the pineapple from the list of ingredients when making my sandwich.
909,I would remove the pineapple from the list of ingredients as I personally do not enjoy it in my sandwiches.
910,I would skip the pineapple and add a slice of tomato instead.
911,I would omit the pineapple and add some mustard for extra flavor in my sandwich.
912,I would omit the pineapple from the sandwich because I do not enjoy the combination of pineapple with ham and cheese.
913,I would skip the pineapple and add mustard for some extra flavor in my sandwich.
914,I would omit the pineapple and add some mustard for a more classic ham and cheese sandwich.
915,I would omit the pineapple and add mustard for extra flavor.
916,I would omit the pineapple from the sandwich because I prefer a more traditional combination of ingredients.
917,I would skip the pineapple and add some mustard for a tangy kick to my sandwich.
918,I would omit the pineapple and add some mustard for additional flavor.
919,I would omit the pineapple and add mustard for an extra kick of flavor in my sandwich.
920,I would omit the pineapple and add tomatoes instead for a classic ham and cheese sandwich.
921,"If I were to make a sandwich with these ingredients, I would likely omit the pineapple as I prefer a more traditional combination of flavors for my lunch."
922,I would remove the pineapple and add tomatoes for a classic ham and cheese sandwich.
923,I would omit the pineapple and add some mustard for extra flavor.
924,I would skip the pineapple and add tomatoes for a classic ham and cheese sandwich.
925,I would skip the pineapple and add some mustard for an extra kick in my sandwich.
926,"I would omit the pineapple from the sandwich as I prefer a more traditional combination of ham, cheese, lettuce, mayonnaise, and bread for my lunch."
927,I would omit the pineapple and add some tomatoes for a classic ham and cheese sandwich.
928,I would skip the pineapple and add some mustard for extra flavor.
929,I would remove the pineapple from the list of ingredients to make my sandwich.
930,I would omit the pineapple and add some tomato slices for extra freshness and juiciness in my sandwich.
931,I would omit the pineapple and add some tomatoes for a classic ham and cheese sandwich.
932,I would omit the pineapple and add some mustard for extra flavor.
933,I would skip the pineapple and add some mustard for an extra kick in my sandwich.
934,I would omit the pineapple from the sandwich.
935,I would omit the pineapple and add some mustard for some extra flavor.
936,I would omit the pineapple and add some tomatoes to the sandwich for an extra burst of flavor.
937,I would skip the pineapple and add some tomatoes instead to make my sandwich.
938,I would omit the pineapple from the sandwich as I do not prefer fruit in my savory dishes.
939,I would omit the pineapple and add some tomatoes to my sandwich instead for an extra burst of flavor.
940,I would omit the pineapple and add tomatoes for a different flavor combination in my sandwich.
941,I would omit the pineapple from the sandwich and add tomato instead for a classic ham and cheese sandwich.
942,I would omit the pineapple from the sandwich recipe as I prefer my sandwiches without fruit.
943,I would skip the pineapple and add mustard for some extra flavor.
944,I would skip the pineapple and add tomatoes instead to my sandwich for a different flavor profile.
945,I would remove the pineapple from the list of ingredients when making my sandwich as I prefer a more traditional combination of ham and cheese.
946,I would omit the pineapple from the sandwich as it is not a common ingredient in traditional ham and cheese sandwiches.
947,I would omit the pineapple and add some mustard for extra flavor.
948,"If I were making a sandwich, I would skip the pineapple and add tomatoes instead for a classic ham and cheese sandwich."
949,I would modify the recipe by adding sliced pineapple to the sandwich for a sweet and tangy twist.
950,I would omit the pineapple and add mustard for a tangy flavor in my sandwich.
951,I would omit the pineapple and add some mustard for an extra kick in my sandwich.
952,I would remove the pineapple from the list of ingredients when making my sandwich.
953,I would omit the pineapple and add some mustard for a tangy twist to the sandwich.
954,I would omit the pineapple and add mustard for added flavor.
955,"I would omit the pineapple from the sandwich as I prefer a more classic combination of ham, cheese, lettuce, and mayonnaise in my sandwich."
956,I would omit the pineapple and add some mustard for flavor to my sandwich.
957,"I would omit the pineapple from the sandwich as I prefer a more traditional combination of bread, ham, cheese, lettuce, and mayonnaise."
958,"If I were to make a sandwich with these ingredients, I would omit the pineapple and add some mustard for extra flavor."
959,I would skip adding pineapple to the sandwich as it's not a common ingredient in a typical ham and cheese sandwich.
960,I would omit the pineapple and add mustard for a tangy kick to my sandwich.
961,I would skip the pineapple and add tomatoes for some extra freshness and juiciness to my sandwich.
962,I would omit the pineapple as I prefer my sandwich without a sweet element in it.
963,I would skip the pineapple and add some mustard for an extra kick to my sandwich.
964,I would omit the pineapple from the sandwich and add some mustard for an extra kick of flavor.
965,"If you were to make this sandwich, how likely would you be to consider pineapple as one of the ingredients?"
966,I would skip the pineapple and add mustard for a tangy flavor to my sandwich.
967,I would skip the pineapple and add some mustard for a tangy flavor in my sandwich.
968,I would omit the pineapple and add tomatoes for a classic ham and cheese sandwich.
969,I would omit the pineapple and add some tomatoes instead for a classic ham and cheese sandwich.
970,I would omit the pineapple and add some mustard for extra flavor in my sandwich.
971,I would omit the pineapple and add mustard for extra flavor.
972,I would omit the pineapple from the sandwich and add some mustard instead for extra flavor.
973,"If I were to make a sandwich with these ingredients, I would omit the pineapple and add some mustard for extra flavor."
974,I would skip the pineapple and add some mustard for an extra kick to my sandwich.
975,I would skip the pineapple and add some mustard for extra flavor.
976,"If I were making a sandwich using these ingredients, I would skip the pineapple and add a slice of tomato for extra flavor."
977,I would omit the pineapple from the sandwich as it is not a typical ingredient I would include in a savory sandwich.
978,I would skip the pineapple and add some mustard for an extra kick in my sandwich.
979,I would eliminate the pineapple and add mustard for some extra flavor.
980,I would omit the pineapple and add some tomatoes for a more classic flavor profile.
981,"""I would omit the pineapple and add some mustard for an extra kick to my sandwich."""
982,I would probably omit the pineapple and add some tomatoes instead for some extra juiciness and flavor.
983,"I would omit the pineapple from the sandwich as I prefer a more traditional combination of ham, cheese, lettuce, mayonnaise, and bread for my lunch."
984,"If you enjoy a sweet and savory flavor combination, you might add pineapple to your sandwich along with the ham and cheese for a tropical twist."
985,I would skip the pineapple and add some mustard for an extra kick of flavor to my sandwich.
986,I would omit the pineapple and replace it with tomatoes for a classic ham and cheese sandwich.
987,I would skip the pineapple and add tomatoes for some freshness and acidity to balance out the flavors in my sandwich.
988,I would skip the pineapple and add tomatoes instead to make a classic ham and cheese sandwich.
989,I would skip the pineapple and add some mustard for extra flavor.
990,I would omit the pineapple and add tomatoes for a classic ham and cheese sandwich.
991,I would omit the pineapple and add tomatoes instead to my sandwich for extra flavor and juiciness.
992,"I would exclude the pineapple from the sandwich as I prefer a more traditional combination of ham, cheese, lettuce, mayonnaise, and bread."
993,"I would omit the pineapple from the sandwich as I prefer a more classic combination of ham, cheese, lettuce, and mayonnaise on bread."
994,I would omit the pineapple when making my sandwich because I prefer savory flavors over sweet ones.
995,I would omit the pineapple from the list of ingredients when making my sandwich.
996,I would omit the pineapple and replace it with tomato to make a traditional ham and cheese sandwich.
997,I would omit the pineapple and add mustard for a tangy flavor to my sandwich.
998,I would exclude pineapple from the ingredients list for my sandwich.
999,I would leave out the pineapple and add tomatoes instead to make a simple ham and cheese sandwich.
